VenueCost,FoodAndBev,NumberOfPeople,TypeOfFestival,Miscellaneous,TotalCost,VenuePlace,DaysOfEvent,TransportationCost
7500,15000,850,Conference,800,23900,Urban,2024-01-23,600
5000,15000,140,Birthday,750,22300,Urban,2024-11-13,1550
5500,15750,310,Conference,1850,23350,Urban,2024-03-28,250
3000,5400,820,Wedding,50,9850,Suburban,2024-08-27,1400
5000,16500,550,Wedding,1850,23600,Urban,2024-10-17,250
500,15500,130,Birthday,350,17850,Rural,2024-01-07,1500
7000,67500,50,Conference,150,76550,Suburban,2024-12-12,1900
1000,18050,70,Wedding,500,20950,Rural,2024-02-12,1400
6500,26600,990,Birthday,800,35750,Suburban,2024-07-27,1850
3000,69700,350,Conference,1350,75850,Urban,2024-10-26,1800
8000,29900,790,Conference,1200,39600,Rural,2024-01-12,500
2500,7750,990,Festival,1950,13350,Rural,2024-03-11,1150
8000,10800,880,Corporate,100,19400,Suburban,2024-10-17,500
9500,21200,550,Conference,1100,33350,Urban,2024-04-29,1550
8500,6000,270,Conference,500,15800,Rural,2024-07-03,800
5500,52250,240,Festival,750,59750,Suburban,2024-12-08,1250
1500,51150,290,Festival,50,53250,Urban,2024-12-28,550
5000,8400,480,Conference,200,13900,Urban,2024-06-19,300
1500,35000,610,Conference,1950,39650,Suburban,2024-10-12,1200
7000,21000,830,Conference,300,28850,Urban,2024-07-15,550
2500,59400,30,Festival,150,63050,Urban,2024-04-22,1000
7000,19250,910,Conference,1800,29050,Urban,2024-08-26,1000
9000,15200,340,Birthday,500,25000,Suburban,2024-07-01,300
5500,300,220,Corporate,1050,7650,Suburban,2024-04-12,800
9500,1500,780,Birthday,950,13600,Urban,2024-08-20,1650
6000,6500,70,Wedding,700,14200,Rural,2024-07-31,1000
3000,750,380,Wedding,100,4200,Urban,2024-01-15,350
4500,17600,440,Wedding,100,23550,Suburban,2024-11-14,1350
2500,23800,310,Wedding,150,26750,Suburban,2024-04-03,300
9500,5900,170,Birthday,1950,19150,Urban,2024-09-13,1800
4500,16250,390,Corporate,900,23300,Rural,2024-07-08,1650
500,1500,140,Corporate,500,4400,Urban,2024-05-25,1900
8000,15400,950,Conference,1300,25900,Suburban,2024-11-30,1200
3500,22050,660,Wedding,250,26500,Urban,2024-05-10,700
5000,19350,730,Conference,300,24850,Suburban,2024-06-21,200
7000,8200,800,Corporate,1850,17600,Suburban,2024-07-11,550
1000,42350,940,Wedding,1750,45200,Suburban,2024-03-09,100
4000,42250,530,Festival,1300,48300,Urban,2024-09-10,750
8500,43350,140,Conference,1000,53650,Suburban,2024-05-29,800
7000,36300,150,Birthday,300,44200,Rural,2024-07-08,600
3500,29750,170,Conference,600,35450,Suburban,2024-09-03,1600
2000,4400,590,Wedding,700,8000,Suburban,2024-10-31,900
3000,38350,120,Corporate,1850,43850,Suburban,2024-07-24,650
2500,30600,210,Festival,200,34950,Rural,2024-09-28,1650
5500,36900,840,Birthday,450,43650,Rural,2024-12-09,800
2500,34300,730,Festival,700,39350,Rural,2024-05-30,1850
9500,11200,590,Corporate,300,22350,Rural,2024-03-11,1350
6000,16600,60,Conference,550,24850,Urban,2024-06-05,1700
6500,19500,470,Birthday,550,26850,Urban,2024-04-17,300
4000,34800,880,Corporate,850,41100,Urban,2024-12-03,1450
6500,25500,510,Birthday,1250,33650,Rural,2024-05-20,400
5000,28900,20,Wedding,1900,37550,Suburban,2024-12-21,1750
2500,23200,920,Birthday,1250,27800,Suburban,2024-08-19,850
3000,33750,230,Corporate,1600,39400,Suburban,2024-07-15,1050
8000,35100,910,Conference,1800,46200,Suburban,2024-04-29,1300
5500,63900,590,Festival,100,71250,Suburban,2024-08-20,1750
7000,4800,140,Corporate,1150,13800,Urban,2024-10-14,850
1500,9000,180,Corporate,650,11350,Urban,2024-06-20,200
500,65800,650,Conference,1700,68900,Rural,2024-09-18,900
8000,52200,820,Corporate,1000,63150,Rural,2024-03-03,1950
3500,11700,910,Wedding,250,16000,Urban,2024-03-01,550
4500,17500,630,Festival,1850,24200,Urban,2024-12-19,350
7500,19250,20,Festival,300,28800,Suburban,2024-05-01,1750
9500,29400,330,Corporate,1500,40650,Urban,2024-11-30,250
6500,5600,890,Conference,950,13200,Suburban,2024-05-03,150
8000,11400,370,Wedding,250,20800,Suburban,2024-12-06,1150
8000,18000,570,Festival,1100,28500,Suburban,2024-12-08,1400
9000,26600,470,Birthday,650,36800,Urban,2024-02-15,550
5500,13600,530,Conference,750,21650,Urban,2024-10-17,1800
4000,44250,920,Wedding,750,50500,Suburban,2024-08-15,1500
7500,14750,360,Conference,1850,25850,Suburban,2024-03-17,1750
7500,6000,780,Conference,1600,16250,Suburban,2024-12-07,1150
8500,32300,370,Wedding,950,42050,Urban,2024-07-19,300
6500,26600,110,Birthday,700,35100,Urban,2024-10-23,1300
3500,500,980,Corporate,300,4950,Urban,2024-01-10,650
8000,37950,490,Festival,700,47400,Rural,2024-12-31,750
7500,20000,630,Conference,500,29200,Urban,2024-06-12,1200
3500,29500,990,Wedding,950,34250,Urban,2024-03-13,300
4000,400,460,Birthday,1150,6900,Urban,2024-07-10,1350
9000,69700,720,Conference,300,79500,Suburban,2024-04-27,500
9000,27000,780,Wedding,1350,38550,Suburban,2024-01-03,1200
5000,24500,980,Birthday,1500,32200,Rural,2024-08-10,1200
8500,1500,30,Corporate,1800,11950,Suburban,2024-05-05,150
4500,26500,580,Festival,100,32450,Rural,2024-11-30,1350
4000,48750,950,Wedding,300,53650,Suburban,2024-11-15,600
1000,18700,360,Wedding,1500,21500,Suburban,2024-01-11,300
2500,13300,980,Birthday,50,16050,Rural,2024-11-11,200
5500,24000,600,Festival,1500,32350,Suburban,2024-12-28,1350
3000,4500,720,Wedding,300,9450,Suburban,2024-07-31,1650
9000,18600,700,Festival,1150,29850,Suburban,2024-04-23,1100
9000,400,290,Birthday,1800,12900,Suburban,2024-07-26,1700
7000,30150,930,Wedding,1100,39950,Urban,2024-12-19,1700
8000,23100,560,Festival,650,33500,Urban,2024-11-26,1750
8000,24650,630,Festival,250,33400,Urban,2024-04-17,500
6500,14950,470,Corporate,350,22550,Suburban,2024-08-15,750
5500,10800,900,Corporate,400,18350,Urban,2024-06-23,1650
1500,49000,270,Festival,1000,52900,Rural,2024-01-03,1400
2000,22100,810,Wedding,1100,27150,Rural,2024-08-11,1950
6500,7500,600,Conference,250,15150,Urban,2024-08-04,900
7500,12150,250,Conference,300,21700,Rural,2024-02-05,1750
4000,15400,710,Corporate,1950,22350,Suburban,2024-04-24,1000
6500,15750,180,Corporate,1200,24150,Suburban,2024-03-19,700
6000,54600,610,Wedding,1300,63350,Rural,2024-10-15,1450
8000,60900,320,Festival,1900,72750,Urban,2024-11-14,1950
8500,9450,890,Conference,1850,21550,Urban,2024-11-08,1750
8500,72000,940,Conference,1300,83550,Urban,2024-08-28,1750
4500,81900,210,Wedding,350,87000,Rural,2024-05-05,250
7000,27300,970,Birthday,600,35150,Rural,2024-08-30,250
8000,67200,160,Birthday,1650,78400,Urban,2024-11-27,1550
2000,75600,410,Festival,1950,80000,Urban,2024-07-08,450
1000,5600,790,Festival,1950,8700,Urban,2024-11-08,150
8500,8400,910,Birthday,1750,19350,Urban,2024-12-24,700
4500,48450,140,Birthday,600,55000,Urban,2024-07-28,1450
8000,53900,850,Corporate,600,64050,Rural,2024-10-17,1550
3000,25200,490,Corporate,50,29100,Suburban,2024-12-28,850
5000,16650,140,Conference,700,23200,Suburban,2024-01-01,850
500,28200,290,Conference,800,30600,Rural,2024-06-05,1100
5500,18600,990,Conference,1900,27000,Rural,2024-03-10,1000
7000,39000,110,Corporate,1450,48200,Rural,2024-09-16,750
2000,1050,210,Wedding,500,4750,Rural,2024-07-20,1200
3000,16500,770,Festival,1250,21200,Rural,2024-11-05,450
2000,72000,560,Corporate,850,76650,Suburban,2024-10-26,1800
7000,58500,100,Birthday,1350,67900,Suburban,2024-10-24,1050
8500,19950,80,Corporate,450,30250,Suburban,2024-03-13,1350
5000,43800,580,Conference,350,49350,Suburban,2024-03-31,200
4000,22400,880,Birthday,650,28850,Suburban,2024-02-03,1800
7500,4750,390,Wedding,1300,15300,Urban,2024-06-03,1750
7000,1300,820,Corporate,1650,10400,Suburban,2024-02-05,450
2500,32000,60,Birthday,350,36150,Suburban,2024-01-21,1300
5500,51000,870,Conference,1050,57700,Rural,2024-07-31,150
9000,3750,410,Corporate,650,13750,Suburban,2024-11-22,350
9000,9750,470,Festival,1400,21400,Urban,2024-04-25,1250
6500,24000,80,Corporate,150,31900,Suburban,2024-11-10,1250
3500,12750,520,Conference,1200,18250,Urban,2024-07-07,800
6000,9900,680,Conference,1400,17700,Urban,2024-06-23,400
4500,64800,500,Birthday,1250,72100,Rural,2024-07-01,1550
1500,28600,700,Corporate,1200,32300,Urban,2024-09-19,1000
9500,37350,990,Wedding,550,48300,Urban,2024-12-29,900
2500,89100,680,Corporate,950,92750,Urban,2024-01-13,200
8500,13650,320,Corporate,650,24200,Urban,2024-06-12,1400
1000,56700,290,Conference,200,58350,Rural,2024-01-21,450
1000,13050,290,Birthday,1000,17000,Rural,2024-12-01,1950
1000,9900,250,Wedding,1900,14550,Urban,2024-12-08,1750
9000,44550,760,Birthday,300,55100,Urban,2024-01-16,1250
4000,6200,540,Birthday,1250,12150,Urban,2024-03-10,700
7000,27650,560,Wedding,1950,37600,Rural,2024-11-28,1000
1000,31950,980,Wedding,1700,35250,Urban,2024-02-02,600
3500,34200,990,Birthday,250,38450,Suburban,2024-04-18,500
5000,22500,110,Conference,1550,30200,Urban,2024-08-21,1150
6500,13500,230,Festival,1400,21700,Suburban,2024-05-21,300
7000,58500,490,Corporate,800,67550,Urban,2024-11-14,1250
3000,6500,820,Conference,1500,12000,Urban,2024-04-27,1000
3000,15400,820,Conference,200,19000,Suburban,2024-02-21,400
5500,31350,10,Conference,1650,40150,Suburban,2024-07-27,1650
9500,48100,740,Conference,1450,60400,Rural,2024-04-02,1350
6500,4550,580,Birthday,1550,14150,Urban,2024-07-18,1550
9500,32500,730,Birthday,900,43350,Rural,2024-04-10,450
4500,38350,70,Birthday,150,43600,Rural,2024-02-06,600
4000,15300,480,Festival,1950,21600,Suburban,2024-01-18,350
4500,14300,620,Festival,700,20400,Suburban,2024-02-08,900
5500,12600,840,Corporate,1200,20500,Urban,2024-03-02,1200
4000,9600,510,Birthday,1350,15900,Rural,2024-07-10,950
4000,38800,990,Birthday,850,44250,Rural,2024-05-20,600
1000,3300,830,Wedding,1600,7700,Rural,2024-03-02,1800
5500,76000,910,Festival,1850,84550,Suburban,2024-03-10,1200
7500,59400,800,Festival,300,67900,Rural,2024-02-03,700
3000,48000,480,Corporate,1750,53850,Suburban,2024-12-11,1100
9500,21850,940,Festival,550,33800,Rural,2024-08-14,1900
9000,8550,640,Corporate,650,19750,Suburban,2024-02-23,1550
3500,21150,970,Birthday,1350,26550,Rural,2024-09-26,550
2000,14250,760,Birthday,1950,18700,Urban,2024-10-15,500
4000,34500,480,Conference,1250,40550,Rural,2024-11-21,800
1000,4500,510,Festival,1950,8500,Suburban,2024-02-02,1050
500,11700,980,Conference,750,13850,Urban,2024-08-21,900
7000,9000,40,Birthday,1000,17600,Urban,2024-04-30,600
5000,72000,750,Conference,1300,78750,Suburban,2024-12-23,450
6500,18600,620,Conference,1850,27800,Rural,2024-08-31,850
5000,56000,820,Wedding,1300,64050,Rural,2024-03-19,1750
4500,20900,470,Festival,100,27300,Urban,2024-05-06,1800
5000,37700,870,Birthday,1550,44400,Urban,2024-04-28,150
6500,18450,960,Festival,600,26200,Suburban,2024-07-28,650
6000,21450,560,Birthday,650,29600,Urban,2024-05-10,1500
3500,14950,590,Wedding,850,21250,Urban,2024-04-02,1950
5500,22000,350,Birthday,500,28550,Rural,2024-07-31,550
2000,3900,820,Conference,1150,8200,Rural,2024-02-19,1150
3500,4900,390,Wedding,1000,10400,Urban,2024-03-29,1000
4500,18900,650,Festival,1650,26700,Urban,2024-04-23,1650
2000,53400,790,Corporate,900,57500,Suburban,2024-12-21,1200
8500,11550,500,Festival,600,21150,Rural,2024-03-23,500
6000,1900,10,Festival,1000,10000,Rural,2024-06-30,1100
2500,3000,650,Conference,500,6750,Suburban,2024-08-23,750
1500,81900,330,Wedding,1550,85800,Urban,2024-07-24,850
5000,19750,540,Wedding,1950,27750,Rural,2024-05-31,1050
8000,8450,360,Conference,1600,19500,Urban,2024-11-05,1450
500,34500,90,Festival,800,36000,Rural,2024-06-14,200
2500,34000,540,Corporate,1350,39650,Rural,2024-08-25,1800
5500,13650,280,Birthday,100,19700,Suburban,2024-03-04,450
8500,75650,390,Conference,550,86100,Urban,2024-05-15,1400
4500,2800,750,Wedding,1000,9100,Urban,2024-09-27,800
7000,50400,730,Conference,800,59550,Urban,2024-07-27,1350
2000,11600,950,Conference,1650,16550,Suburban,2024-04-12,1300
8000,8000,230,Birthday,50,17000,Rural,2024-03-03,950
5500,7600,600,Corporate,300,13800,Rural,2024-06-07,400
5500,15000,450,Corporate,350,21550,Urban,2024-09-30,700
3000,10500,300,Corporate,100,14800,Urban,2024-04-26,1200
1500,53900,680,Conference,500,57300,Rural,2024-03-17,1400
2000,45000,50,Conference,650,49450,Suburban,2024-09-19,1800
2000,11800,90,Festival,1400,16850,Urban,2024-01-23,1650
1000,82650,880,Conference,1350,85650,Suburban,2024-06-07,650
7000,34850,440,Conference,1600,44400,Suburban,2024-08-22,950
6500,24750,490,Festival,550,33500,Urban,2024-04-03,1700
4000,16650,890,Wedding,900,23500,Suburban,2024-07-25,1950
3000,44850,240,Birthday,1050,50250,Urban,2024-01-03,1350
500,36800,420,Corporate,450,39000,Rural,2024-07-19,1250
1500,49400,560,Wedding,800,52550,Suburban,2024-11-02,850
9000,1900,470,Corporate,1200,13400,Urban,2024-01-22,1300
1500,32000,680,Birthday,1650,35650,Suburban,2024-06-19,500
3000,5000,180,Wedding,800,9250,Urban,2024-11-22,450
4000,56800,690,Wedding,300,62200,Urban,2024-11-21,1100
500,16800,40,Wedding,600,18250,Suburban,2024-11-19,350
3500,29500,150,Festival,500,34800,Suburban,2024-08-23,1300
1500,1950,750,Conference,1400,6750,Suburban,2024-08-10,1900
1500,72000,750,Wedding,450,75800,Suburban,2024-04-05,1850
3500,9600,880,Birthday,500,15200,Urban,2024-02-15,1600
8000,3850,430,Conference,1800,15300,Rural,2024-07-16,1650
5000,1000,230,Birthday,1450,8200,Suburban,2024-08-07,750
4500,53300,240,Wedding,250,59000,Urban,2024-01-21,950
7500,850,100,Festival,1750,11050,Urban,2024-12-30,950
2000,17000,670,Wedding,1050,21700,Urban,2024-10-16,1650
4500,27600,50,Wedding,1000,33400,Urban,2024-12-02,300
7000,2400,240,Festival,1850,12000,Suburban,2024-03-06,750
6000,30450,770,Birthday,1050,38050,Rural,2024-02-04,550
6500,84150,160,Festival,1100,93600,Urban,2024-10-31,1850
500,73950,410,Festival,750,75400,Rural,2024-11-16,200
1500,28700,50,Wedding,850,31400,Rural,2024-11-06,350
8500,20300,740,Corporate,50,29900,Suburban,2024-05-04,1050
1000,56700,640,Conference,1100,60450,Urban,2024-04-15,1650
3500,69350,150,Wedding,1750,76250,Rural,2024-04-03,1650
2500,3750,100,Conference,450,8650,Urban,2024-10-04,1950
9000,18300,730,Corporate,200,28400,Suburban,2024-11-06,900
9000,41800,710,Birthday,1000,52250,Urban,2024-05-29,450
3000,4800,970,Festival,1200,9600,Urban,2024-12-23,600
5500,10400,550,Birthday,1350,17350,Urban,2024-09-04,100
5000,11400,790,Wedding,700,18450,Urban,2024-12-27,1350
3000,21900,800,Festival,900,26000,Rural,2024-12-09,200
6000,69700,470,Festival,1500,77700,Urban,2024-03-13,500
4500,61200,140,Festival,700,68150,Rural,2024-10-01,1750
7000,76000,660,Birthday,1750,85850,Rural,2024-11-11,1100
9500,88350,940,Corporate,600,100250,Urban,2024-01-09,1800
6000,10500,730,Corporate,300,18150,Urban,2024-11-14,1350
6500,4400,170,Conference,1450,13600,Rural,2024-05-31,1250
6000,53900,730,Birthday,150,60600,Urban,2024-03-16,550
5000,13500,650,Wedding,950,20900,Rural,2024-04-21,1450
4000,9200,870,Wedding,100,14650,Suburban,2024-10-26,1350
500,12150,400,Festival,450,14050,Urban,2024-08-16,950
4500,4050,790,Wedding,400,9650,Urban,2024-10-13,700
8000,37700,970,Conference,1100,47100,Suburban,2024-01-12,300
3500,58900,810,Birthday,1300,65350,Urban,2024-09-08,1650
6500,33750,50,Conference,150,41200,Rural,2024-02-07,800
6500,400,390,Corporate,1000,9350,Urban,2024-10-17,1450
5000,49000,430,Birthday,1550,56050,Urban,2024-03-06,500
6500,8500,40,Corporate,400,17200,Rural,2024-02-19,1800
3500,23000,670,Birthday,1800,28500,Rural,2024-12-19,200
3000,59250,680,Corporate,1600,64350,Urban,2024-12-15,500
1500,25200,500,Corporate,800,27800,Rural,2024-06-14,300
5000,37950,340,Festival,100,43950,Rural,2024-03-03,900
1000,45600,830,Wedding,200,48300,Urban,2024-06-09,1500
8000,15000,390,Birthday,1200,25450,Rural,2024-12-18,1250
3000,16250,720,Conference,1200,20850,Rural,2024-07-11,400
5000,4250,950,Birthday,1500,11300,Suburban,2024-10-06,550
8500,59250,200,Birthday,550,70150,Urban,2024-12-24,1850
1500,13650,570,Corporate,300,15800,Urban,2024-07-02,350
1000,50050,240,Corporate,450,53350,Suburban,2024-07-18,1850
3500,7500,900,Conference,1750,13350,Suburban,2024-08-03,600
6500,13800,160,Wedding,500,22100,Rural,2024-07-13,1300
5000,31500,800,Birthday,850,37600,Rural,2024-02-10,250
1500,6500,980,Conference,1000,10250,Urban,2024-06-10,1250
9000,74250,60,Conference,500,84600,Urban,2024-11-03,850
8000,23000,200,Birthday,200,32850,Suburban,2024-04-10,1650
2000,6300,720,Wedding,750,9400,Urban,2024-05-04,350
2000,19800,790,Birthday,1600,24450,Rural,2024-03-20,1050
9500,23800,250,Festival,500,34750,Rural,2024-07-17,950
1000,8800,30,Festival,650,11250,Rural,2024-05-30,800
8500,40700,680,Wedding,950,51250,Rural,2024-12-02,1100
6500,1100,390,Wedding,100,8650,Urban,2024-02-24,950
6000,25500,370,Corporate,850,34200,Suburban,2024-10-03,1850
7500,8100,950,Festival,1650,17950,Suburban,2024-07-14,700
1000,26550,970,Corporate,800,29750,Suburban,2024-07-25,1400
7000,12600,250,Birthday,350,20750,Rural,2024-03-23,800
7000,31500,730,Conference,1250,40600,Suburban,2024-09-20,850
8500,16750,570,Birthday,900,27900,Suburban,2024-07-01,1750
500,22500,120,Festival,1750,25350,Suburban,2024-12-16,600
9000,28050,990,Festival,600,37900,Urban,2024-10-03,250
6500,20400,700,Festival,1900,29000,Urban,2024-07-24,200
1500,4000,300,Wedding,950,7350,Suburban,2024-12-12,900
2000,51000,480,Festival,1400,55750,Rural,2024-08-20,1350
5000,43650,630,Corporate,1750,52150,Suburban,2024-03-27,1750
7000,2000,710,Wedding,1100,10700,Suburban,2024-04-27,600
7500,52800,290,Conference,800,61750,Urban,2024-05-10,650
8000,27900,10,Wedding,1350,38450,Urban,2024-11-17,1200
6000,22200,680,Corporate,1950,31550,Urban,2024-04-05,1400
6000,73500,480,Birthday,550,80800,Suburban,2024-10-30,750
5000,61750,120,Conference,1300,68650,Urban,2024-11-04,600
2500,15000,700,Corporate,1950,21300,Urban,2024-01-27,1850
500,59250,210,Corporate,1500,62500,Urban,2024-05-25,1250
5500,6800,70,Corporate,1400,15150,Rural,2024-09-08,1450
7500,9450,650,Conference,1750,19250,Rural,2024-03-26,550
4500,6000,610,Conference,200,11750,Suburban,2024-10-25,1050
7000,14400,690,Corporate,1400,24750,Urban,2024-04-23,1950
6500,18800,490,Corporate,150,26200,Rural,2024-04-04,750
8500,22500,610,Festival,1100,32650,Rural,2024-06-24,550
7500,43000,950,Festival,1900,54100,Urban,2024-02-23,1700
2500,59400,430,Festival,1950,64600,Rural,2024-10-04,750
1000,6600,900,Conference,1150,8900,Rural,2024-04-27,150
9000,19600,340,Birthday,1350,31550,Suburban,2024-10-22,1600
4000,27000,100,Wedding,1200,33250,Suburban,2024-08-22,1050
9500,74100,670,Festival,1200,85950,Urban,2024-03-28,1150
4500,40800,620,Wedding,1800,48200,Rural,2024-01-04,1100
8500,41800,790,Festival,1950,53250,Suburban,2024-03-29,1000
3500,32450,340,Conference,1400,39050,Urban,2024-03-01,1700
4500,39600,820,Birthday,900,46700,Urban,2024-01-03,1700
9000,75600,590,Wedding,650,86250,Suburban,2024-09-25,1000
9000,8000,760,Conference,500,18600,Urban,2024-10-30,1100
9000,9000,970,Conference,750,19450,Urban,2024-02-24,700
3500,4000,520,Wedding,1850,9950,Urban,2024-02-13,600
7500,3250,400,Wedding,1200,13600,Rural,2024-06-30,1650
4500,2550,500,Corporate,200,7550,Rural,2024-01-21,300
5500,46800,430,Birthday,1000,54800,Urban,2024-10-31,1500
1500,14250,360,Festival,750,16950,Urban,2024-05-31,450
500,7500,220,Corporate,700,8950,Suburban,2024-07-06,250
500,49700,920,Conference,350,52200,Urban,2024-01-14,1650
6000,33500,860,Festival,950,40850,Suburban,2024-01-05,400
2000,13500,490,Wedding,650,17700,Urban,2024-11-07,1550
1500,48600,430,Festival,250,51650,Urban,2024-08-06,1300
8500,27000,960,Wedding,1250,38500,Rural,2024-12-21,1750
2000,40500,680,Conference,1150,44150,Rural,2024-06-07,500
500,13300,710,Wedding,1350,15900,Urban,2024-04-07,750
6000,18200,250,Birthday,1750,27700,Suburban,2024-03-14,1750
7000,11700,280,Conference,100,20750,Rural,2024-11-11,1950
6500,4800,350,Conference,1250,13000,Rural,2024-03-25,450
3500,33600,890,Birthday,400,38900,Rural,2024-08-19,1400
2500,11200,640,Corporate,1200,16050,Rural,2024-11-08,1150
9000,13300,710,Corporate,1900,24500,Urban,2024-07-22,300
2500,39500,950,Wedding,1600,45400,Urban,2024-11-25,1800
7500,4800,810,Wedding,400,12900,Suburban,2024-07-02,200
9500,7700,680,Birthday,50,18250,Suburban,2024-12-29,1000
2500,86400,510,Wedding,1900,92050,Suburban,2024-02-24,1250
3000,19200,390,Birthday,1000,23850,Rural,2024-08-25,650
4500,25650,170,Conference,350,32050,Rural,2024-09-22,1550
6000,55300,280,Festival,1250,63850,Urban,2024-04-22,1300
2000,15200,740,Conference,350,18550,Suburban,2024-10-01,1000
9000,30500,920,Festival,150,41500,Rural,2024-02-17,1850
1500,2600,910,Festival,650,5950,Urban,2024-12-22,1200
8500,65250,660,Conference,600,75850,Urban,2024-04-08,1500
7500,8900,170,Birthday,1150,19350,Rural,2024-08-21,1800
6000,6400,920,Wedding,450,13750,Suburban,2024-06-20,900
4000,23400,850,Corporate,650,29900,Urban,2024-04-11,1850
7500,12800,980,Corporate,600,21350,Urban,2024-05-26,450
9500,19000,840,Conference,1500,31350,Suburban,2024-06-19,1350
7000,32300,830,Festival,850,40500,Urban,2024-05-15,350
2000,1200,990,Corporate,800,5850,Rural,2024-01-26,1850
4000,10400,100,Wedding,1000,15650,Rural,2024-07-03,250
7500,4050,700,Conference,1900,13950,Urban,2024-08-20,500
1500,700,70,Corporate,850,4100,Suburban,2024-12-23,1050
6500,42900,370,Wedding,1250,52550,Urban,2024-01-22,1900
1500,66500,210,Corporate,500,69350,Rural,2024-07-05,850
2500,14000,40,Birthday,450,18600,Urban,2024-05-15,1650
5500,29050,790,Birthday,700,35900,Urban,2024-08-01,650
3500,77600,480,Birthday,700,82150,Suburban,2024-11-07,350
9500,26550,370,Wedding,1950,38950,Suburban,2024-03-24,950
3000,19600,80,Wedding,850,23700,Suburban,2024-05-31,250
9000,16800,470,Conference,500,27550,Rural,2024-09-23,1250
4500,4500,630,Birthday,850,10600,Urban,2024-01-28,750
1000,78400,970,Conference,1000,81950,Rural,2024-03-20,1550
6500,33750,250,Corporate,400,41150,Rural,2024-08-02,500
9500,15400,880,Corporate,100,25950,Suburban,2024-10-05,950
9500,13000,680,Wedding,950,25400,Rural,2024-10-25,1950
7500,3300,60,Festival,1750,13700,Rural,2024-04-06,1150
7000,54750,800,Conference,950,64300,Suburban,2024-11-05,1600
6000,60000,160,Corporate,1200,67300,Rural,2024-05-19,100
4000,8100,700,Festival,50,13100,Urban,2024-08-10,950
5000,47850,430,Festival,1750,55600,Rural,2024-07-24,1000
6500,24150,910,Conference,750,32950,Urban,2024-05-23,1550
7500,1800,370,Wedding,1900,11700,Urban,2024-03-07,500
1000,21000,270,Birthday,1750,23850,Urban,2024-04-17,100
2500,35500,470,Conference,950,40250,Urban,2024-01-23,1300
5000,19500,780,Festival,1350,27300,Rural,2024-04-12,1450
8000,14400,440,Birthday,1300,25050,Rural,2024-05-14,1350
8000,55100,590,Corporate,700,65650,Urban,2024-08-26,1850
6500,53250,460,Conference,1800,61750,Suburban,2024-01-23,200
3500,2700,250,Wedding,900,9050,Rural,2024-10-08,1950
1000,37500,650,Wedding,1750,42050,Urban,2024-02-09,1800
2000,51700,940,Wedding,1700,57200,Rural,2024-04-27,1800
2500,48000,650,Corporate,1150,51800,Rural,2024-06-07,150
3500,31500,230,Wedding,250,35450,Urban,2024-10-07,200
6000,25850,120,Wedding,50,33350,Rural,2024-10-28,1450
4500,2000,730,Festival,1800,9150,Rural,2024-06-20,850
7500,46550,40,Birthday,1350,56000,Rural,2024-12-25,600
2000,19800,290,Birthday,950,24450,Suburban,2024-08-22,1700
9500,7000,170,Wedding,600,18450,Urban,2024-11-03,1350
6500,45100,90,Wedding,750,53800,Urban,2024-06-13,1450
7500,34850,880,Wedding,950,44350,Rural,2024-09-10,1050
5500,30800,810,Wedding,450,37050,Suburban,2024-06-19,300
6000,39600,770,Birthday,600,47200,Suburban,2024-07-30,1000
1500,57200,430,Birthday,1800,61650,Suburban,2024-10-12,1150
3500,41400,270,Wedding,1100,46500,Urban,2024-06-07,500
5000,500,740,Birthday,1650,8950,Urban,2024-11-19,1800
5000,25200,170,Wedding,1750,33200,Suburban,2024-08-26,1250
8500,6900,750,Corporate,1800,18350,Rural,2024-04-10,1150
5500,18800,700,Festival,150,24850,Rural,2024-05-28,400
9000,21600,20,Birthday,600,32950,Rural,2024-03-23,1750
5000,10200,130,Corporate,450,16700,Suburban,2024-08-06,1050
1500,56250,200,Conference,1900,59850,Urban,2024-07-15,200
5000,2850,110,Conference,1050,10250,Urban,2024-12-09,1350
8500,5700,240,Corporate,1800,17500,Rural,2024-02-28,1500
1500,61200,220,Festival,1500,64850,Suburban,2024-11-30,650
3000,5250,500,Birthday,650,9500,Rural,2024-09-28,600
2000,15000,480,Conference,550,18550,Suburban,2024-03-06,1000
8500,82650,670,Festival,1800,93050,Suburban,2024-06-24,100
5500,56100,830,Festival,1750,64950,Urban,2024-08-03,1600
1500,55200,400,Conference,400,58050,Rural,2024-06-08,950
8500,56400,940,Wedding,1000,66700,Urban,2024-03-07,800
6500,53350,940,Corporate,1350,62250,Urban,2024-09-22,1050
3500,4500,40,Birthday,250,8450,Rural,2024-08-19,200
5500,12600,680,Corporate,1000,19250,Rural,2024-08-18,150
5500,29400,770,Birthday,1700,37300,Urban,2024-11-09,700
9000,17000,300,Wedding,1450,29400,Urban,2024-01-02,1950
2500,61600,840,Festival,1400,66450,Urban,2024-01-21,950
4500,38400,50,Birthday,1350,46050,Urban,2024-02-07,1800
3500,23650,910,Corporate,1500,29400,Urban,2024-09-13,750
6500,67200,210,Festival,1650,76600,Rural,2024-02-25,1250
7000,26000,730,Birthday,1450,35550,Urban,2024-11-07,1100
4500,18200,580,Festival,1750,25200,Rural,2024-04-13,750
3000,83600,70,Wedding,100,88200,Suburban,2024-01-31,1500
500,51150,650,Corporate,1350,53500,Urban,2024-11-14,500
8000,24000,550,Corporate,1300,35100,Rural,2024-05-07,1800
7000,13750,70,Corporate,350,22700,Urban,2024-04-29,1600
1500,1700,920,Corporate,1350,5250,Urban,2024-04-28,700
7000,900,50,Birthday,600,8950,Suburban,2024-09-14,450
2000,22800,740,Corporate,500,25600,Urban,2024-05-15,300
500,62100,470,Wedding,200,63900,Urban,2024-12-05,1100
9500,37000,50,Festival,1650,49750,Urban,2024-09-04,1600
6500,56250,660,Corporate,1300,65500,Urban,2024-04-19,1450
500,11850,50,Wedding,950,13900,Rural,2024-08-09,600
4000,53900,260,Wedding,1950,60700,Suburban,2024-05-01,850
7500,88200,640,Conference,800,96600,Suburban,2024-01-29,100
9500,43450,930,Festival,1000,54900,Rural,2024-02-29,950
6500,8700,450,Corporate,1800,17350,Rural,2024-09-13,350
1000,38350,560,Wedding,1700,42400,Rural,2024-05-29,1350
2500,9800,160,Corporate,1950,15750,Urban,2024-01-04,1500
2500,64350,690,Birthday,100,67350,Rural,2024-02-05,400
3500,72250,730,Conference,1300,77450,Suburban,2024-08-02,400
6000,4350,720,Birthday,1600,13900,Urban,2024-07-03,1950
2000,28500,370,Conference,1900,33750,Rural,2024-01-07,1350
4000,31200,780,Conference,350,36000,Urban,2024-04-16,450
5500,14000,910,Birthday,1300,21800,Suburban,2024-11-15,1000
4000,17600,210,Wedding,1850,25100,Rural,2024-06-02,1650
9000,17850,160,Conference,1400,28350,Suburban,2024-01-18,100
7000,22500,620,Corporate,1250,32000,Suburban,2024-05-11,1250
4500,24500,520,Birthday,150,31050,Suburban,2024-08-14,1900
5000,84600,570,Corporate,1800,92750,Suburban,2024-02-26,1350
5000,14400,670,Festival,200,20700,Rural,2024-11-09,1100
1500,31800,940,Conference,650,34300,Rural,2024-02-17,350
8000,16250,340,Corporate,700,25950,Rural,2024-05-24,1000
8000,34100,560,Festival,150,43050,Urban,2024-08-25,800
500,76500,360,Wedding,1000,78350,Rural,2024-07-02,350
3500,1950,790,Corporate,1650,7900,Urban,2024-04-18,800
6500,48800,180,Festival,1200,57250,Urban,2024-04-08,750
5000,30000,300,Birthday,1000,37800,Suburban,2024-09-27,1800
500,30100,520,Birthday,950,32900,Urban,2024-02-11,1350
7000,23700,750,Wedding,300,32600,Urban,2024-12-29,1600
3000,5800,300,Festival,950,10800,Rural,2024-02-11,1050
9500,16800,920,Birthday,600,27500,Rural,2024-07-23,600
9500,27900,210,Corporate,200,38950,Urban,2024-09-01,1350
3500,41400,120,Wedding,450,47100,Urban,2024-08-09,1750
2500,37400,190,Birthday,1900,43500,Suburban,2024-12-19,1700
5000,18500,550,Birthday,1350,25100,Rural,2024-03-16,250
8000,17500,120,Wedding,1400,28500,Suburban,2024-11-04,1600
5500,48300,970,Corporate,1550,55950,Suburban,2024-05-04,600
4000,18500,460,Conference,1300,25350,Suburban,2024-01-15,1550
7000,950,170,Birthday,1050,9400,Rural,2024-06-05,400
8000,27600,920,Festival,1150,38550,Rural,2024-11-11,1800
7500,4800,710,Conference,1300,14000,Rural,2024-11-05,400
6000,39750,600,Corporate,50,47250,Rural,2024-11-28,1450
2000,5500,790,Festival,950,8900,Suburban,2024-11-09,450
3500,13950,660,Conference,550,19650,Suburban,2024-10-13,1650
9500,55800,280,Corporate,1500,66950,Rural,2024-05-25,150
4500,44250,740,Festival,900,50850,Urban,2024-05-27,1200
5000,51750,920,Festival,1750,58900,Rural,2024-03-01,400
2500,1600,840,Birthday,950,7000,Suburban,2024-07-22,1950
7500,3400,210,Birthday,1350,12950,Urban,2024-10-14,700
7000,13200,290,Wedding,750,21800,Urban,2024-05-26,850
3500,25800,510,Wedding,1250,32300,Rural,2024-05-24,1750
3500,7500,690,Conference,200,12800,Suburban,2024-12-31,1600
4000,62100,140,Conference,1600,68400,Rural,2024-09-15,700
1000,80750,180,Corporate,1850,83700,Suburban,2024-07-19,100
7500,7400,220,Birthday,1900,17550,Rural,2024-05-25,750
2000,6000,810,Birthday,600,10400,Rural,2024-12-01,1800
5000,32400,940,Conference,1400,39100,Rural,2024-07-18,300
7500,15200,620,Corporate,1150,24850,Urban,2024-10-13,1000
4500,52250,590,Festival,450,58900,Urban,2024-10-02,1700
1000,33000,70,Wedding,550,35050,Rural,2024-06-24,500
7000,5900,690,Corporate,1400,15250,Suburban,2024-02-16,950
5500,31900,530,Wedding,1750,40850,Urban,2024-11-05,1700
8500,37050,960,Festival,1850,49350,Suburban,2024-12-24,1950
2500,3600,620,Birthday,900,8400,Urban,2024-01-02,1400
8500,38500,880,Festival,1250,49250,Rural,2024-10-29,1000
6500,4500,400,Wedding,1800,14550,Rural,2024-05-09,1750
5000,55500,610,Festival,1650,62650,Urban,2024-10-16,500
2500,16800,350,Festival,350,20900,Urban,2024-03-27,1250
3000,19000,300,Festival,1250,23700,Rural,2024-03-26,450
4000,16750,100,Birthday,1700,23750,Urban,2024-06-20,1300
3500,26400,830,Conference,500,31050,Suburban,2024-01-07,650
2500,2600,750,Conference,550,7150,Urban,2024-11-07,1500
3500,2700,260,Conference,350,7900,Urban,2024-03-26,1350
3000,4100,490,Conference,1800,10550,Urban,2024-02-23,1650
3000,27000,320,Birthday,750,30900,Urban,2024-09-25,150
3500,10000,460,Birthday,1550,16000,Rural,2024-11-17,950
1000,8600,980,Conference,900,12300,Suburban,2024-10-21,1800
4000,25500,430,Wedding,500,31350,Rural,2024-06-16,1350
3000,22800,410,Birthday,1150,28850,Suburban,2024-03-01,1900
9000,28000,190,Wedding,1350,39050,Urban,2024-01-31,700
1500,10350,630,Corporate,300,13300,Suburban,2024-08-17,1150
9000,4000,90,Wedding,1300,14550,Rural,2024-05-04,250
8000,3000,800,Birthday,800,12200,Suburban,2024-07-13,400
2000,40500,380,Festival,350,43250,Suburban,2024-09-11,400
3000,34800,960,Corporate,150,39450,Urban,2024-12-22,1500
8500,24700,960,Conference,500,34800,Rural,2024-07-25,1100
2000,19500,190,Festival,150,23100,Suburban,2024-08-13,1450
9000,6800,210,Birthday,1700,18900,Urban,2024-11-29,1400
6500,20700,540,Festival,1900,30100,Urban,2024-06-20,1000
1500,11000,380,Wedding,1350,15500,Urban,2024-12-13,1650
3500,36550,160,Conference,1500,42950,Urban,2024-03-26,1400
8000,2200,680,Corporate,850,12400,Urban,2024-05-24,1350
2000,18600,190,Conference,550,22700,Suburban,2024-11-21,1550
3500,4950,10,Festival,1750,11100,Urban,2024-05-06,900
6000,25600,310,Wedding,600,33850,Urban,2024-12-08,1650
7000,74700,800,Birthday,900,84300,Urban,2024-05-14,1700
2500,4500,930,Corporate,800,8650,Urban,2024-01-22,850
1500,23800,710,Corporate,850,26550,Rural,2024-07-16,400
500,51700,470,Wedding,1100,54700,Urban,2024-10-07,1400
7000,12000,90,Birthday,1650,21700,Rural,2024-02-25,1050
2500,7200,410,Conference,1450,12150,Rural,2024-05-29,1000
9500,27300,980,Corporate,1750,39600,Suburban,2024-11-25,1050
8500,3800,20,Birthday,1850,15550,Urban,2024-05-26,1400
1000,11050,570,Birthday,1650,13850,Suburban,2024-07-18,150
7000,4750,510,Festival,750,14250,Urban,2024-07-12,1750
4000,37050,520,Festival,1550,43200,Suburban,2024-01-24,600
5000,35150,510,Festival,1700,43550,Rural,2024-05-20,1700
9000,14850,820,Birthday,300,25850,Suburban,2024-08-05,1700
1000,66500,510,Wedding,450,69450,Rural,2024-10-13,1500
8500,29250,560,Corporate,1050,40650,Urban,2024-10-05,1850
7500,3600,880,Corporate,900,12150,Rural,2024-07-19,150
4000,2000,250,Corporate,1650,8900,Rural,2024-09-26,1250
7500,30600,790,Wedding,1450,40900,Suburban,2024-04-03,1350
3500,46400,90,Conference,950,52500,Urban,2024-02-06,1650
6000,7500,990,Corporate,550,15050,Urban,2024-04-22,1000
3000,45000,850,Conference,1200,50350,Urban,2024-12-26,1150
6500,8500,340,Birthday,1800,17650,Urban,2024-12-09,850
4000,72000,70,Festival,500,76700,Urban,2024-05-08,200
5000,24000,10,Birthday,650,30300,Rural,2024-09-13,650
4500,60000,120,Conference,50,65450,Suburban,2024-04-23,900
9500,17100,310,Festival,550,28900,Rural,2024-02-13,1750
3500,3500,720,Festival,250,8800,Suburban,2024-05-05,1550
4000,11400,960,Conference,550,16100,Urban,2024-03-07,150
3500,8100,590,Conference,500,13700,Suburban,2024-10-08,1600
3500,14000,910,Corporate,1850,20600,Urban,2024-09-04,1250
9500,4600,940,Birthday,450,16000,Suburban,2024-07-10,1450
7000,59400,440,Festival,550,67650,Suburban,2024-03-16,700
3500,400,990,Conference,1700,7550,Urban,2024-06-17,1950
5500,77350,820,Conference,1300,84750,Rural,2024-04-08,600
6000,18500,430,Festival,250,26100,Urban,2024-04-17,1350
7500,7700,990,Corporate,650,17700,Suburban,2024-09-08,1850
1500,33800,350,Birthday,1500,38250,Suburban,2024-07-09,1450
7000,33200,130,Festival,450,41800,Urban,2024-12-15,1150
6500,22400,980,Conference,1800,31400,Urban,2024-11-11,700
8000,15600,190,Birthday,1600,27000,Urban,2024-05-26,1800
6000,45650,100,Birthday,1250,53250,Rural,2024-04-12,350
7000,34000,540,Festival,350,42750,Rural,2024-02-15,1400
3000,15300,60,Festival,900,20000,Urban,2024-02-20,800
9500,6750,320,Conference,1300,18150,Suburban,2024-01-23,600
4000,15200,760,Wedding,1200,22000,Rural,2024-11-27,1600
2000,3500,390,Corporate,1000,7600,Suburban,2024-11-15,1100
9500,20150,990,Festival,1700,31950,Suburban,2024-06-23,600
3500,26000,660,Corporate,500,31000,Urban,2024-02-28,1000
2000,16450,640,Birthday,700,20500,Rural,2024-02-27,1350
9500,2100,650,Conference,350,12550,Urban,2024-10-04,600
9500,39500,380,Conference,1950,51950,Urban,2024-08-23,1000
8500,17600,630,Conference,1400,28900,Rural,2024-09-04,1400
3000,17100,750,Birthday,550,21750,Urban,2024-04-22,1100
3500,22500,820,Birthday,1500,28000,Suburban,2024-07-10,500
4500,45750,100,Wedding,1500,52250,Rural,2024-11-25,500
5000,23250,880,Birthday,1100,29450,Suburban,2024-03-08,100
3000,28800,530,Wedding,50,33100,Suburban,2024-10-02,1250
3000,6000,530,Birthday,1700,12100,Urban,2024-02-12,1400
1500,9200,370,Conference,500,12400,Suburban,2024-05-21,1200
6000,13750,690,Wedding,1650,23050,Urban,2024-10-24,1650
9500,13500,850,Wedding,1300,24650,Urban,2024-11-15,350
1000,17400,710,Corporate,1450,20500,Rural,2024-02-04,650
8500,800,130,Birthday,1550,12250,Urban,2024-11-04,1400
6000,26600,80,Birthday,1200,34050,Suburban,2024-06-28,250
7000,4000,40,Corporate,300,11700,Suburban,2024-02-29,400
3000,60350,320,Birthday,1600,65050,Suburban,2024-11-27,100
9500,41850,30,Conference,1450,53300,Rural,2024-04-03,500
8500,5100,240,Wedding,700,15600,Urban,2024-04-03,1300
4500,10800,210,Birthday,1600,17300,Rural,2024-08-13,400
9000,7500,770,Conference,1700,20050,Rural,2024-07-27,1850
9500,28700,190,Corporate,1100,39900,Rural,2024-01-10,600
8500,24800,20,Conference,900,35150,Urban,2024-04-29,950
1500,32000,780,Wedding,250,34750,Rural,2024-07-05,1000
3000,5250,830,Corporate,250,10450,Suburban,2024-05-21,1950
2500,88350,530,Wedding,150,92350,Rural,2024-06-05,1350
5500,32200,970,Birthday,750,38800,Rural,2024-02-17,350
8000,79200,200,Festival,600,88550,Rural,2024-01-30,750
2500,78850,30,Conference,200,82550,Rural,2024-05-31,1000
7500,21250,360,Corporate,1300,30300,Rural,2024-01-21,250
8500,3450,530,Festival,650,14200,Urban,2024-02-15,1600
7000,9000,430,Wedding,1950,18850,Suburban,2024-07-12,900
7000,13200,810,Corporate,1550,23000,Suburban,2024-02-15,1250
9000,48000,310,Corporate,400,58150,Suburban,2024-12-11,750
3500,31500,340,Conference,1550,37850,Rural,2024-10-04,1300
3500,7500,740,Birthday,950,13000,Suburban,2024-03-09,1050
4500,71200,240,Birthday,900,78300,Suburban,2024-07-30,1700
5000,17200,680,Birthday,1700,25700,Rural,2024-11-23,1800
3000,66500,190,Birthday,550,70400,Urban,2024-03-25,350
5000,52250,480,Birthday,1950,60250,Rural,2024-03-24,1050
8500,5850,50,Festival,1050,15600,Rural,2024-05-25,200
500,11400,250,Wedding,950,14100,Suburban,2024-12-20,1250
1000,25650,720,Corporate,50,27150,Urban,2024-11-05,450
4000,26550,400,Conference,650,32000,Urban,2024-07-07,800
5000,24700,710,Corporate,1050,32200,Suburban,2024-06-16,1450
4500,32800,710,Corporate,450,38000,Urban,2024-04-27,250
6500,400,30,Conference,1400,9200,Rural,2024-05-09,900
9000,39000,210,Festival,1200,49700,Urban,2024-08-11,500
9500,15000,470,Festival,1500,26350,Suburban,2024-11-04,350
8500,76800,990,Conference,850,87600,Urban,2024-09-18,1450
4000,250,470,Festival,1500,6950,Suburban,2024-10-28,1200
8500,20400,350,Corporate,900,30500,Suburban,2024-04-27,700
1500,12350,920,Birthday,900,15150,Urban,2024-10-02,400
6000,77400,900,Festival,1450,86700,Rural,2024-12-05,1850
1500,12000,500,Corporate,1200,16600,Rural,2024-02-04,1900
7000,40500,630,Birthday,250,48850,Urban,2024-09-24,1100
1500,11100,860,Conference,300,14050,Rural,2024-07-30,1150
7500,62100,850,Corporate,1450,71600,Suburban,2024-04-06,550
8000,36000,140,Wedding,50,44900,Suburban,2024-04-21,850
7000,5950,400,Festival,250,14450,Suburban,2024-10-27,1250
6500,34800,860,Conference,150,42900,Rural,2024-03-26,1450
5500,6450,420,Festival,1800,14600,Rural,2024-02-28,850
8000,29750,990,Corporate,50,37950,Suburban,2024-09-03,150
8500,16200,70,Corporate,250,26100,Rural,2024-11-03,1150
4000,4800,870,Festival,100,9350,Rural,2024-12-28,450
9000,9000,590,Corporate,550,20050,Urban,2024-10-14,1500
3000,1500,410,Corporate,1250,6850,Suburban,2024-04-13,1100
6500,26950,410,Festival,1300,36050,Suburban,2024-03-10,1300
5000,6800,570,Festival,650,12950,Suburban,2024-11-02,500
6000,53950,480,Corporate,1300,61950,Urban,2024-07-07,700
8500,60300,850,Corporate,1150,71450,Suburban,2024-05-19,1500
7000,48800,510,Birthday,1050,58300,Urban,2024-02-21,1450
3000,89100,20,Wedding,1000,94850,Suburban,2024-11-20,1750
5500,44100,470,Wedding,1300,52250,Suburban,2024-02-22,1350
5000,35200,310,Conference,900,41900,Suburban,2024-12-08,800
9500,44100,460,Festival,1950,57300,Suburban,2024-07-19,1750
1000,19000,810,Birthday,100,21600,Suburban,2024-08-03,1500
8500,2100,680,Conference,300,12800,Urban,2024-12-09,1900
5000,10500,40,Festival,50,16850,Suburban,2024-01-09,1300
3500,5800,480,Birthday,300,10950,Rural,2024-05-05,1350
2000,4050,850,Festival,300,7900,Urban,2024-01-12,1550
9500,750,500,Conference,1650,12250,Urban,2024-03-08,350
5500,5750,710,Conference,600,12000,Rural,2024-04-08,150
2500,52000,250,Wedding,500,55900,Suburban,2024-05-05,900
4500,8500,620,Corporate,1100,15500,Urban,2024-11-29,1400
6500,10400,50,Wedding,200,17400,Suburban,2024-09-30,300
6500,12000,930,Wedding,300,20250,Suburban,2024-09-20,1450
4500,24750,830,Festival,700,30200,Suburban,2024-08-26,250
6000,1800,270,Conference,350,9650,Rural,2024-07-04,1500
1000,19800,740,Corporate,1100,22950,Urban,2024-04-05,1050
6000,13350,670,Wedding,100,20000,Suburban,2024-08-24,550
1000,11050,20,Wedding,1700,15300,Suburban,2024-04-28,1550
3000,65700,540,Corporate,1150,70400,Urban,2024-01-21,550
2000,19800,350,Conference,650,23950,Suburban,2024-06-18,1500
7500,51200,840,Conference,1800,61300,Rural,2024-09-20,800
500,32250,30,Festival,1450,34500,Rural,2024-12-30,300
7500,6000,60,Corporate,1400,16050,Suburban,2024-12-22,1150
5500,5550,590,Birthday,500,13350,Rural,2024-01-07,1800
9500,24150,380,Corporate,800,34650,Suburban,2024-01-18,200
6000,21350,260,Conference,450,28950,Rural,2024-01-29,1150
7500,22500,220,Conference,1000,31650,Suburban,2024-12-01,650
8000,5600,900,Wedding,1250,16350,Urban,2024-09-25,1500
6000,6400,70,Conference,450,14500,Rural,2024-07-29,1650
5500,15750,740,Festival,600,23250,Suburban,2024-07-27,1400
9000,76500,750,Corporate,300,87400,Rural,2024-04-27,1600
6000,600,250,Corporate,400,8400,Urban,2024-05-01,1400
5000,55800,130,Wedding,1800,64500,Suburban,2024-03-17,1900
2000,19500,300,Birthday,200,22150,Suburban,2024-06-15,450
5500,63050,330,Birthday,650,70450,Rural,2024-01-26,1250
8000,55200,640,Festival,550,64900,Suburban,2024-04-09,1150
6500,22950,50,Conference,250,30150,Rural,2024-07-17,450
7000,31500,610,Birthday,1950,41700,Suburban,2024-03-30,1250
500,3300,360,Wedding,800,5200,Urban,2024-06-13,600
2000,6000,210,Birthday,350,9650,Urban,2024-07-06,1300
4000,5850,390,Conference,150,11500,Suburban,2024-03-12,1500
8000,19750,920,Conference,300,29450,Suburban,2024-06-17,1400
9500,12450,890,Wedding,1900,24550,Rural,2024-10-26,700
3000,18250,760,Corporate,500,22650,Suburban,2024-07-22,900
1500,54400,390,Conference,1600,59050,Rural,2024-02-25,1550
7500,21000,630,Wedding,1600,30800,Rural,2024-01-26,700
1500,30500,930,Corporate,1450,34700,Rural,2024-04-22,1250
8500,28050,490,Birthday,1350,38650,Urban,2024-09-04,750
3500,17550,350,Corporate,1550,23000,Suburban,2024-11-08,400
6500,29500,590,Birthday,300,38050,Urban,2024-03-15,1750
8000,27000,420,Birthday,1650,38250,Suburban,2024-11-17,1600
2500,73150,60,Wedding,1250,77900,Rural,2024-11-10,1000
8000,5700,500,Birthday,1250,16250,Suburban,2024-01-09,1300
1000,2100,430,Birthday,1850,5250,Rural,2024-09-23,300
2000,19800,360,Conference,1600,24700,Suburban,2024-12-20,1300
4000,54400,820,Festival,50,59500,Suburban,2024-03-02,1050
2500,15000,420,Wedding,1600,20300,Rural,2024-08-05,1200
9000,41400,70,Conference,1550,52950,Rural,2024-01-11,1000
2500,17600,510,Conference,1100,22650,Urban,2024-12-11,1450
1500,34200,30,Festival,550,36700,Urban,2024-10-06,450
5000,60200,450,Conference,1200,67100,Rural,2024-09-05,700
6000,21600,260,Festival,650,29700,Suburban,2024-02-18,1450
1500,57000,900,Festival,200,60350,Urban,2024-07-26,1650
2000,36800,400,Birthday,400,40750,Rural,2024-04-17,1550
4500,3600,930,Corporate,850,9250,Rural,2024-02-28,300
1000,11500,800,Conference,100,14450,Urban,2024-08-24,1850
9500,81600,170,Wedding,1600,94050,Rural,2024-08-01,1350
5500,8800,400,Corporate,1300,16100,Rural,2024-09-07,500
4000,31900,210,Corporate,1050,38050,Suburban,2024-08-22,1100
4500,11050,590,Conference,550,17900,Rural,2024-03-31,1800
5000,36000,200,Corporate,1500,43350,Rural,2024-12-13,850
6000,16600,740,Wedding,1350,25150,Suburban,2024-06-19,1200
2000,6900,340,Corporate,1550,11000,Urban,2024-07-20,550
1500,43200,490,Conference,1550,47900,Rural,2024-08-18,1650
7500,6100,710,Birthday,450,15950,Suburban,2024-07-03,1900
4500,5250,160,Festival,100,10800,Suburban,2024-10-23,950
9500,61100,50,Festival,1750,73150,Rural,2024-12-07,800
8000,18750,730,Wedding,1100,28250,Urban,2024-07-05,400
2500,25200,560,Wedding,250,29450,Rural,2024-06-10,1500
9500,48600,970,Corporate,950,60700,Rural,2024-03-04,1650
2500,11700,560,Festival,800,15450,Suburban,2024-07-04,450
6500,63750,370,Birthday,1200,72150,Urban,2024-01-18,700
500,5700,390,Birthday,1750,9450,Rural,2024-02-29,1500
3500,12000,40,Corporate,250,16350,Urban,2024-02-25,600
8500,60750,30,Festival,400,71450,Urban,2024-01-26,1800
1000,34500,50,Festival,1500,37700,Urban,2024-02-23,700
9500,23100,280,Wedding,900,34600,Urban,2024-04-17,1100
8500,4400,530,Conference,50,13350,Urban,2024-08-01,400
7000,26600,900,Corporate,1550,35850,Suburban,2024-08-21,700
2000,8000,890,Conference,1800,12250,Suburban,2024-02-26,450
8500,1800,660,Birthday,1000,12000,Urban,2024-11-27,700
4000,26250,570,Wedding,200,31300,Rural,2024-08-17,850
3000,2550,190,Birthday,1500,7750,Suburban,2024-03-10,700
2000,51800,960,Festival,1500,57100,Rural,2024-04-08,1800
4000,27000,400,Wedding,550,33350,Urban,2024-01-02,1800
9000,22400,840,Festival,700,33050,Urban,2024-04-17,950
3500,28700,240,Corporate,400,33400,Rural,2024-11-06,800
4000,29050,900,Corporate,700,34450,Urban,2024-07-27,700
8500,37800,660,Wedding,1950,48550,Suburban,2024-01-04,300
5000,55250,750,Conference,450,61300,Suburban,2024-01-13,600
6000,5600,240,Festival,450,13400,Suburban,2024-01-25,1350
4000,4800,990,Corporate,250,9900,Urban,2024-03-19,850
8500,21000,580,Birthday,1900,31800,Urban,2024-03-02,400
6000,31950,960,Conference,1850,40950,Rural,2024-02-18,1150
500,72250,70,Birthday,1750,76200,Suburban,2024-09-28,1700
7000,38500,420,Wedding,1450,48150,Rural,2024-03-25,1200
6500,68800,220,Birthday,750,77850,Suburban,2024-09-26,1800
9500,48450,400,Wedding,1000,60050,Rural,2024-09-01,1100
1500,32450,480,Birthday,1500,37000,Suburban,2024-07-15,1550
1500,58650,570,Wedding,1400,63400,Urban,2024-05-20,1850
1500,40050,790,Wedding,1100,43500,Urban,2024-05-30,850
7500,24700,120,Corporate,1300,35450,Suburban,2024-01-04,1950
8000,57600,400,Festival,1350,68650,Urban,2024-06-12,1700
5000,10000,800,Festival,100,16500,Suburban,2024-03-11,1400
2000,17500,190,Corporate,1250,22650,Rural,2024-07-01,1900
4000,8000,930,Conference,550,13400,Urban,2024-12-08,850
7500,2400,410,Corporate,1200,13000,Rural,2024-09-18,1900
1500,39200,70,Conference,1700,42500,Rural,2024-04-10,100
9500,3000,750,Wedding,1650,15100,Suburban,2024-09-18,950
7500,39900,530,Conference,1500,50250,Urban,2024-11-15,1350
7000,47250,440,Birthday,600,56050,Urban,2024-09-09,1200
6500,13500,300,Festival,750,21100,Rural,2024-11-16,350
2000,36300,740,Wedding,450,39300,Urban,2024-03-23,550
3000,800,160,Corporate,350,4900,Rural,2024-05-29,750
2000,28400,890,Wedding,200,31800,Suburban,2024-09-09,1200
9500,44200,940,Corporate,250,54700,Rural,2024-06-30,750
9500,13650,780,Birthday,100,24800,Urban,2024-01-31,1550
500,8400,320,Conference,400,10700,Rural,2024-10-06,1400
5500,22950,580,Festival,400,30300,Suburban,2024-08-29,1450
8500,6250,210,Wedding,1450,17950,Urban,2024-06-11,1750
5000,28700,460,Birthday,1550,36750,Suburban,2024-04-24,1500
8500,3200,160,Wedding,1850,14950,Suburban,2024-12-03,1400
3500,15750,710,Festival,750,20900,Suburban,2024-04-27,900
3500,8800,560,Birthday,800,13550,Urban,2024-11-25,450
6000,2600,740,Birthday,1100,11400,Urban,2024-07-21,1700
4500,42500,690,Birthday,650,49300,Rural,2024-12-17,1650
7500,39650,440,Festival,1650,50200,Suburban,2024-02-05,1400
8000,800,600,Conference,750,10050,Rural,2024-02-19,500
5000,450,920,Birthday,1800,7650,Suburban,2024-11-03,400
4500,49600,970,Wedding,900,56150,Urban,2024-08-05,1150
6000,18700,610,Conference,1600,28050,Suburban,2024-01-12,1750
8500,66500,830,Wedding,100,76600,Urban,2024-12-11,1500
3500,40600,790,Birthday,1850,47250,Rural,2024-05-07,1300
6000,65100,930,Wedding,1850,74600,Urban,2024-02-14,1650
5000,4000,720,Birthday,1300,11400,Rural,2024-07-27,1100
4000,75600,680,Corporate,1500,83050,Urban,2024-08-01,1950
9000,19000,330,Birthday,1500,30800,Rural,2024-04-17,1300
2000,34450,160,Conference,500,37600,Urban,2024-05-27,650
9500,18200,930,Corporate,1250,30500,Suburban,2024-11-13,1550
7500,29500,400,Wedding,450,39400,Rural,2024-08-13,1950
2000,7000,700,Festival,100,10500,Suburban,2024-03-26,1400
5000,8400,970,Conference,1250,16600,Rural,2024-04-25,1950
1500,1300,630,Birthday,500,3850,Rural,2024-11-26,550
2000,2600,730,Corporate,400,6850,Suburban,2024-11-26,1850
9500,36550,690,Corporate,1150,48850,Suburban,2024-10-28,1650
5000,58400,350,Wedding,1600,65350,Urban,2024-10-06,350
3000,43650,120,Conference,600,48300,Suburban,2024-03-14,1050
6000,18300,570,Wedding,1050,25800,Urban,2024-06-03,450
6000,16000,950,Birthday,450,23300,Urban,2024-05-03,850
500,28050,230,Corporate,900,30700,Suburban,2024-11-17,1250
7500,13400,800,Conference,1000,22950,Urban,2024-05-03,1050
9500,40500,660,Corporate,1000,52600,Rural,2024-03-04,1600
7500,5950,10,Festival,450,15750,Urban,2024-12-07,1850
8000,7500,60,Corporate,750,18100,Urban,2024-08-23,1850
7000,8500,180,Conference,50,15650,Rural,2024-09-15,100
7500,5500,180,Birthday,1200,15750,Rural,2024-06-23,1550
5500,13300,640,Birthday,1200,21050,Suburban,2024-03-01,1050
1500,22500,290,Birthday,1100,26700,Rural,2024-05-29,1600
5500,44100,430,Corporate,1900,53400,Suburban,2024-01-03,1900
7500,83700,450,Festival,1950,94500,Urban,2024-11-03,1350
7500,16800,20,Wedding,1100,26650,Urban,2024-05-11,1250
2500,9750,30,Festival,1150,14500,Suburban,2024-02-25,1100
1000,14500,960,Corporate,650,16600,Suburban,2024-10-13,450
500,7800,640,Conference,50,8900,Urban,2024-02-15,550
1000,18800,700,Corporate,250,21250,Rural,2024-06-23,1200
1000,46750,190,Conference,250,49100,Rural,2024-03-27,1100
3500,6400,550,Festival,350,10400,Rural,2024-03-23,150
4500,73100,560,Conference,150,78300,Rural,2024-06-01,550
6000,72000,780,Corporate,300,79400,Rural,2024-12-12,1100
9000,10500,480,Conference,1900,21500,Urban,2024-02-22,100
5500,29600,80,Conference,1050,37150,Rural,2024-03-05,1000
2500,86450,430,Corporate,750,90700,Suburban,2024-12-15,1000
9500,4200,70,Wedding,700,15400,Urban,2024-06-04,1000
5000,24000,250,Corporate,50,29750,Suburban,2024-08-03,700
7000,16000,450,Wedding,1550,26250,Urban,2024-10-02,1700
8500,49000,890,Birthday,1050,59400,Urban,2024-10-15,850
3000,38700,910,Conference,1950,43750,Urban,2024-09-12,100
500,24000,430,Birthday,550,25250,Urban,2024-12-30,200
8500,9500,70,Festival,500,19700,Urban,2024-06-12,1200
3500,16150,460,Festival,400,21400,Suburban,2024-09-05,1350
2000,9600,150,Wedding,1900,15000,Rural,2024-04-14,1500
4500,12100,940,Festival,1200,18750,Suburban,2024-09-25,950
1000,76950,200,Wedding,800,78900,Urban,2024-12-26,150
5000,13950,40,Festival,50,19700,Urban,2024-03-11,700
2500,21900,390,Corporate,800,26950,Suburban,2024-07-30,1750
7000,22500,60,Wedding,750,32000,Rural,2024-10-10,1750
6500,34500,760,Birthday,1450,44200,Suburban,2024-07-06,1750
8000,2550,630,Wedding,1700,13750,Rural,2024-11-30,1500
4500,17400,620,Corporate,1400,23850,Rural,2024-11-09,550
3500,43500,740,Conference,1000,49400,Suburban,2024-12-29,1400
5500,14100,220,Birthday,1300,22850,Urban,2024-05-24,1950
500,5800,80,Wedding,1550,8050,Urban,2024-03-14,200
6000,4000,420,Wedding,1900,13250,Suburban,2024-09-03,1350
2500,2700,240,Corporate,1000,6400,Suburban,2024-01-22,200
9500,62400,440,Birthday,250,73650,Rural,2024-07-11,1500
3500,56950,660,Festival,1350,62550,Suburban,2024-04-18,750
4500,81000,940,Wedding,1050,86950,Rural,2024-11-11,400
3000,55800,230,Conference,550,60750,Rural,2024-02-22,1400
9500,16250,980,Wedding,1800,28800,Urban,2024-08-23,1250
6500,6050,790,Corporate,1950,16350,Urban,2024-11-01,1850
1000,41250,270,Birthday,600,43300,Urban,2024-12-17,450
7000,88350,290,Wedding,650,97300,Suburban,2024-08-11,1300
4500,20250,590,Wedding,650,26700,Urban,2024-10-25,1300
6000,9000,320,Corporate,1000,17250,Rural,2024-02-16,1250
2500,21200,340,Festival,1200,26050,Urban,2024-12-28,1150
7500,4000,750,Festival,750,14050,Suburban,2024-09-04,1800
3000,58500,300,Conference,1200,64600,Rural,2024-02-27,1900
3500,17000,40,Wedding,1450,22450,Rural,2024-07-30,500
500,23200,830,Corporate,1550,25450,Urban,2024-11-27,200
7500,39750,760,Festival,550,48650,Urban,2024-01-30,850
9000,21600,550,Conference,900,33350,Rural,2024-04-18,1850
9000,6450,970,Conference,50,17150,Urban,2024-09-17,1650
4000,5850,990,Birthday,1100,12200,Urban,2024-05-25,1250
7000,11400,110,Wedding,950,20300,Rural,2024-11-17,950
2500,28800,910,Corporate,1350,33550,Urban,2024-10-29,900
8000,13200,850,Wedding,850,23400,Rural,2024-06-27,1350
8500,1400,900,Conference,400,11650,Suburban,2024-06-15,1350
6500,63900,810,Festival,1900,73150,Rural,2024-02-22,850
1000,59850,830,Wedding,500,62550,Urban,2024-05-16,1200
7000,7500,650,Festival,1300,17350,Urban,2024-09-28,1550
8000,68000,990,Festival,1900,78050,Suburban,2024-03-08,150
6000,22800,370,Corporate,100,29400,Rural,2024-12-15,500
9000,8250,590,Conference,1000,18350,Suburban,2024-02-02,100
2000,43500,120,Wedding,1500,47750,Urban,2024-01-15,750
8500,5250,710,Birthday,1250,16200,Suburban,2024-02-12,1200
2000,31150,60,Corporate,950,35750,Suburban,2024-04-13,1650
7000,25500,930,Corporate,1950,34600,Urban,2024-11-25,150
7000,32000,560,Festival,950,41750,Urban,2024-10-29,1800
5000,49500,690,Corporate,1050,56550,Suburban,2024-03-11,1000
6500,29200,490,Corporate,350,37700,Suburban,2024-10-08,1650
6000,12000,750,Conference,1200,19800,Rural,2024-06-20,600
1500,9000,410,Conference,200,12600,Urban,2024-01-20,1900
5000,10650,740,Conference,1500,17300,Suburban,2024-02-02,150
2500,15750,460,Wedding,800,20650,Suburban,2024-03-20,1600
2000,16650,780,Wedding,650,19900,Rural,2024-07-01,600
9500,60000,280,Birthday,450,70400,Urban,2024-01-28,450
7500,30550,620,Festival,400,39400,Suburban,2024-05-31,950
9000,46800,610,Festival,1050,57200,Rural,2024-12-27,350
7500,7000,330,Wedding,700,16050,Suburban,2024-07-08,850
6000,9500,920,Wedding,50,16650,Urban,2024-08-17,1100
5500,41850,440,Festival,650,49600,Suburban,2024-03-06,1600
4000,24600,200,Festival,700,30350,Suburban,2024-07-26,1050
500,24750,830,Birthday,550,27500,Rural,2024-11-28,1700
2500,33800,730,Festival,650,38850,Urban,2024-03-16,1900
9000,15750,590,Wedding,1450,27950,Urban,2024-06-07,1750
4500,24750,30,Corporate,750,31500,Rural,2024-02-22,1500
1000,24150,170,Birthday,1900,28250,Suburban,2024-10-25,1200
1500,70550,610,Festival,1700,75650,Rural,2024-10-09,1900
7500,3000,520,Conference,1200,11900,Urban,2024-02-07,200
7000,40300,840,Festival,350,48600,Suburban,2024-08-17,950
2500,4900,450,Birthday,1200,10250,Suburban,2024-01-17,1650
3000,23100,380,Conference,550,27000,Rural,2024-04-08,350
8000,16500,120,Corporate,800,27250,Suburban,2024-05-26,1950
2000,18850,990,Conference,500,22800,Suburban,2024-12-21,1450
3000,21500,630,Festival,1500,26550,Suburban,2024-05-05,550
6000,23850,740,Birthday,1400,32000,Urban,2024-01-20,750
9500,1750,290,Corporate,1350,14250,Urban,2024-11-14,1650
7500,76800,520,Festival,550,86000,Suburban,2024-07-13,1150
1000,500,570,Corporate,1700,4250,Rural,2024-02-24,1050
4000,29750,760,Conference,1850,36500,Urban,2024-11-10,900
6500,22000,760,Corporate,1000,30200,Urban,2024-07-01,700
9500,12000,360,Wedding,1900,24900,Rural,2024-07-29,1500
1000,42500,590,Conference,1900,47300,Urban,2024-10-26,1900
6500,42500,620,Conference,850,51250,Rural,2024-07-08,1400
6000,40850,530,Festival,450,48300,Suburban,2024-11-23,1000
3000,4600,440,Birthday,500,8900,Suburban,2024-06-16,800
7000,17500,480,Birthday,350,25050,Urban,2024-11-23,200
2000,49500,450,Festival,750,53100,Rural,2024-09-16,850
3500,36500,820,Wedding,250,41050,Urban,2024-06-13,800
2000,56950,130,Conference,900,60350,Rural,2024-11-11,500
2500,39500,740,Festival,50,42500,Suburban,2024-06-03,450
9000,11200,140,Corporate,1550,23500,Urban,2024-06-21,1750
4000,19200,440,Festival,900,25750,Urban,2024-07-13,1650
6500,75200,220,Birthday,250,82500,Suburban,2024-11-02,550
5000,20300,20,Conference,1350,27000,Rural,2024-09-18,350
8500,32500,720,Festival,800,42750,Rural,2024-11-06,950
500,13500,610,Corporate,1050,15700,Urban,2024-03-29,650
2500,41000,560,Festival,1300,46750,Rural,2024-05-13,1950
4000,35100,510,Festival,1250,41250,Urban,2024-07-06,900
6000,47250,620,Corporate,1050,54900,Urban,2024-10-08,600
3000,47450,690,Festival,450,52400,Urban,2024-05-09,1500
5000,62300,90,Festival,1350,70550,Urban,2024-07-16,1900
6500,71400,50,Festival,850,79800,Urban,2024-03-11,1050
2500,56550,250,Conference,1750,62700,Rural,2024-04-18,1900
6000,600,320,Birthday,1700,8550,Suburban,2024-06-11,250
2000,20900,930,Corporate,500,24650,Urban,2024-03-02,1250
5000,46400,840,Corporate,850,53250,Rural,2024-07-13,1000
2000,21000,450,Corporate,750,25450,Rural,2024-05-02,1700
8500,33600,620,Birthday,100,42500,Urban,2024-12-09,300
9500,4900,660,Festival,1300,15800,Rural,2024-07-11,100
4000,16500,660,Corporate,1600,23850,Rural,2024-01-14,1750
2500,71100,760,Corporate,950,75350,Suburban,2024-12-28,800
3000,6300,180,Birthday,550,10000,Suburban,2024-08-11,150
6500,800,970,Corporate,1150,9200,Rural,2024-12-24,750
6500,13000,960,Birthday,600,21100,Urban,2024-07-16,1000
6500,33600,340,Wedding,1800,42150,Suburban,2024-07-11,250
5000,14250,460,Corporate,750,21650,Suburban,2024-05-11,1650
2500,6300,240,Wedding,550,11050,Suburban,2024-09-26,1700
9000,10950,190,Festival,50,21800,Suburban,2024-12-17,1800
2000,38400,410,Wedding,850,43050,Rural,2024-04-27,1800
9000,16000,840,Festival,1150,27300,Suburban,2024-09-23,1150
1500,3200,720,Festival,1650,7450,Suburban,2024-02-03,1100
3500,37500,680,Corporate,50,42450,Rural,2024-02-09,1400
9000,64000,430,Wedding,1250,74900,Suburban,2024-02-06,650
500,61600,580,Festival,100,63450,Rural,2024-09-21,1250
2000,38000,560,Birthday,1000,42700,Urban,2024-12-06,1700
2500,19550,500,Wedding,200,23500,Suburban,2024-05-21,1250
1500,34450,750,Conference,1750,39150,Urban,2024-11-30,1450
3500,3900,160,Conference,1700,9550,Suburban,2024-05-15,450
3500,64000,480,Wedding,300,68800,Suburban,2024-07-10,1000
9500,8550,760,Conference,1950,20700,Rural,2024-10-20,700
4500,3250,510,Birthday,850,9750,Rural,2024-12-02,1150
5500,20300,530,Birthday,1050,28100,Urban,2024-04-30,1250
2500,8400,80,Birthday,1950,13150,Suburban,2024-02-22,300
1500,12800,370,Wedding,50,15450,Rural,2024-05-20,1100
6000,12400,710,Wedding,300,20400,Suburban,2024-01-03,1700
5500,22000,530,Festival,1800,29700,Urban,2024-05-25,400
2500,70300,370,Conference,1450,75100,Rural,2024-04-25,850
1500,83700,170,Wedding,300,86000,Rural,2024-12-31,500
2000,11900,660,Corporate,1350,17150,Suburban,2024-04-11,1900
9500,34500,910,Wedding,1500,46100,Rural,2024-09-18,600
6500,11400,650,Wedding,1150,20850,Urban,2024-01-17,1800
4000,24650,90,Wedding,600,29950,Rural,2024-10-08,700
3000,63200,60,Festival,1150,68350,Rural,2024-12-11,1000
4500,7000,410,Conference,550,12450,Urban,2024-01-15,400
500,36000,110,Festival,850,37550,Urban,2024-05-22,200
3500,38500,490,Conference,1350,43500,Suburban,2024-10-11,150
6500,58100,310,Festival,1500,67000,Rural,2024-01-06,900
500,15500,940,Birthday,750,18300,Urban,2024-03-20,1550
6000,19800,350,Wedding,800,27700,Rural,2024-11-11,1100
